<?xml version="1.0" encoding="UTF-8" standalone="yes"?>
<addon id="plugin.video.projectfreetv"
       name="Project Free TV"
       version="2.3.0"
       provider-name="Eldorado">
  <requires>
    <import addon="xbmc.python" version="2.1.0"/>
    <import addon="script.module.urlresolver" />
    <import addon="script.module.metahandler" />
    <import addon="script.module.addon.common"/>
    <import addon="script.common.plugin.cache" />
  </requires>
  <extension point="xbmc.python.pluginsource" library="default.py">
        <provides>video</provides>
  </extension>
  <extension point="xbmc.addon.metadata">
    <summary lang="en"></summary>
    <description lang="en">Visit www.tvaddons.ag for support.</description>
    <platform>all</platform>
  </extension>
</addon>
